Kind,Name,AvgCountLine,AvgCountLineBlank,AvgCountLineCode,AvgCountLineComment,AvgCyclomatic,CCViolDensityCode,CCViolDensityLine,CountCCViol,CountCCViolType,CountClassBase,CountClassCoupled,CountClassCoupledModified,CountClassDerived,CountDeclClass,CountDeclClassMethod,CountDeclClassVariable,CountDeclExecutableUnit,CountDeclFile,CountDeclFunction,CountDeclInstanceMethod,CountDeclInstanceVariable,CountDeclMethod,CountDeclMethodAll,CountDeclMethodDefault,CountDeclMethodPrivate,CountDeclMethodProtected,CountDeclMethodPublic,CountInput,CountLine,CountLineBlank,CountLineCode,CountLineCodeDecl,CountLineCodeExe,CountLineComment,CountOutput,CountSemicolon,CountStmt,CountStmtDecl,CountStmtExe,Cyclomatic,MaxCyclomatic,MaxInheritanceTree,MaxNesting,PercentLackOfCohesion,PercentLackOfCohesionModified,RatioCommentToCode,SumCyclomatic
File,"AdminUserDetails.java",4,0,4,0,1,"0,00","0,00",0,0,,,,,1,0,0,9,,9,8,2,8,,0,0,0,8,,62,10,47,27,11,5,,20,29,20,9,,1,,0,,,"0,11",9
Unknown Annotation,"AfterReturning",,,,,,,,,,,,,,,,,,,,,,,,,,,,,,,,,,,,,,,,,,,,,,"0,00",
File,"ApiException.java",3,0,3,0,1,"0,00","0,00",0,0,,,,,1,0,0,5,,5,5,1,5,,0,0,0,5,,32,7,21,9,6,4,,9,15,9,6,,1,,0,,,"0,19",5
Unknown Annotation,"Around",,,,,,,,,,,,,,,,,,,,,,,,,,,,,,,,,,,,,,,,,,,,,,"0,00",
Unknown Annotation,"Aspect",,,,,,,,,,,,,,,,,,,,,,,,,,,,,,,,,,,,,,,,,,,,,,"0,00",
File,"Asserts.java",3,0,3,0,1,"0,00","0,00",0,0,,,,,1,2,0,2,,2,0,0,2,,0,0,0,2,,17,3,10,5,2,4,,4,7,5,2,,1,,0,,,"0,40",2
File,"AuthGlobalFilter.java",18,0,16,3,4,"0,00","0,00",0,0,,,,,1,0,0,2,,2,2,6,2,,0,0,0,2,,88,12,67,45,20,10,,41,50,36,19,,6,,2,,,"0,15",7
Unknown Annotation,"Before",,,,,,,,,,,,,,,,,,,,,,,,,,,,,,,,,,,,,,,,,,,,,,"0,00",
File,"BindingResultAspect.java",11,0,11,0,3,"0,00","0,00",0,0,,,,,1,0,0,2,,2,2,0,2,,0,0,0,2,,43,3,36,21,11,4,,16,24,17,9,,5,,4,,,"0,11",6
File,"BindingResultAspect.java",11,0,11,0,3,"0,00","0,00",0,0,,,,,1,0,0,2,,2,2,0,2,,0,0,0,2,,43,3,36,21,11,4,,16,24,17,9,,5,,4,,,"0,11",6
File,"CacheException.java",0,0,0,0,0,"0,00","0,00",0,0,,,,,1,0,0,0,,0,0,0,0,,0,0,0,0,,12,2,7,6,0,3,,2,3,3,0,,0,,0,,,"0,43",0
File,"CancelOrderReceiver.java",5,0,5,0,1,"0,00","0,00",0,0,,,,,1,0,1,1,,1,1,1,1,,0,0,0,1,,26,2,20,16,3,4,,12,14,12,3,,1,,0,,,"0,20",1
File,"CancelOrderSender.java",9,0,8,2,1,"0,00","0,00",0,0,,,,,2,0,1,2,,2,2,1,2,,0,0,0,2,,35,3,26,16,8,6,,16,19,15,5,,1,,0,,,"0,23",2
File,"CartProduct.java",0,0,0,0,0,"0,00","0,00",0,0,,,,,1,0,0,0,,0,0,2,0,,0,0,0,0,,20,5,11,10,0,4,,8,9,9,0,,0,,0,,,"0,36",0
File,"CartPromotionItem.java",3,0,3,0,1,"0,00","0,00",0,0,,,,,1,0,0,10,,10,10,5,10,,0,0,0,10,,61,12,40,19,10,9,,18,29,19,10,,1,,0,,,"0,23",10
File,"CmsAdminApplication.java",3,0,3,0,1,"0,00","0,00",0,0,,,,,1,1,0,1,,1,0,0,1,,0,0,0,1,,16,2,9,6,1,5,,4,6,5,1,,1,,0,,,"0,56",1
File,"CmsHelp.java",4,0,4,0,1,"0,00","0,00",0,0,,,,,1,0,1,17,,17,17,8,17,,0,0,0,17,,99,19,80,32,32,0,,43,61,31,31,,1,,0,,,"0,00",17
File,"CmsHelpCategory.java",4,0,4,0,1,"0,00","0,00",0,0,,,,,1,0,1,13,,13,13,6,13,,0,0,0,13,,82,16,66,28,26,0,,35,49,25,25,,1,,0,,,"0,00",13
File,"CmsHelpCategoryExample.java",4,0,4,0,1,"0,00","0,00",0,0,,,,,4,0,0,108,,108,108,12,108,,0,0,11,97,,580,122,458,130,214,0,,223,340,130,213,,2,,1,,,"0,00",113
File,"CmsHelpCategoryMapper.java",0,0,0,0,0,"0,00","0,00",0,0,,,,,1,0,0,0,,11,11,0,11,,11,0,0,0,,30,12,18,17,0,0,,16,17,17,0,,0,,0,,,"0,00",0
File,"CmsHelpExample.java",4,0,4,0,1,"0,00","0,00",0,0,,,,,4,0,0,120,,120,120,12,120,,0,0,11,109,,641,134,507,143,238,0,,248,377,143,237,,2,,1,,,"0,00",125
File,"CmsHelpMapper.java",0,0,0,0,0,"0,00","0,00",0,0,,,,,1,0,0,0,,14,14,0,14,,14,0,0,0,,36,15,21,20,0,0,,19,20,20,0,,0,,0,,,"0,00",0
File,"CmsMemberReport.java",4,0,4,0,1,"0,00","0,00",0,0,,,,,1,0,1,17,,17,17,8,17,,0,0,0,17,,105,20,85,37,32,0,,44,62,32,31,,1,,0,,,"0,00",17
File,"CmsMemberReportExample.java",4,0,4,0,1,"0,00","0,00",0,0,,,,,4,0,0,134,,134,134,12,134,,0,0,11,123,,711,148,563,157,266,0,,276,419,157,265,,2,,1,,,"0,00",139
File,"CmsMemberReportMapper.java",0,0,0,0,0,"0,00","0,00",0,0,,,,,1,0,0,0,,7,7,0,7,,7,0,0,0,,22,8,14,13,0,0,,12,13,13,0,,0,,0,,,"0,00",0
File,"CmsPrefrenceArea.java",4,0,4,0,1,"0,00","0,00",0,0,,,,,1,0,1,13,,13,13,6,13,,0,0,0,13,,81,16,65,27,26,0,,35,49,25,25,,1,,0,,,"0,00",13
File,"CmsPrefrenceAreaController.java",8,0,8,0,1,"0,00","0,00",0,0,,,,,1,0,0,4,,4,4,1,4,,0,0,0,4,,62,10,48,37,8,4,,20,25,19,8,,1,,0,,,"0,08",4
File,"CmsPrefrenceAreaExample.java",4,0,4,0,1,"0,00","0,00",0,0,,,,,4,0,0,96,,96,96,12,96,,0,0,11,85,,520,110,410,118,190,0,,199,304,118,189,,2,,1,,,"0,00",101
File,"CmsPrefrenceAreaMapper.java",0,0,0,0,0,"0,00","0,00",0,0,,,,,1,0,0,0,,14,14,0,14,,14,0,0,0,,36,15,21,20,0,0,,19,20,20,0,,0,,0,,,"0,00",0
File,"CmsPrefrenceAreaProductRelation.java",4,0,4,0,1,"0,00","0,00",0,0,,,,,1,0,1,7,,7,7,3,7,,0,0,0,7,,48,9,39,16,17,0,,22,30,15,16,,1,,0,,,"0,00",7
File,"CmsPrefrenceAreaProductRelationClient.java",0,0,0,0,0,"0,00","0,00",0,0,,,,,1,0,0,0,,3,3,0,3,,3,0,0,0,,49,8,18,17,0,23,,12,13,13,0,,0,,0,,,"1,28",0
File,"CmsPrefrenceAreaProductRelationDao.java",0,0,0,0,0,"0,00","0,00",0,0,,,,,1,0,0,0,,2,2,0,2,,2,0,0,0,,25,4,9,8,0,12,,7,8,8,0,,0,,0,,,"1,33",0
File,"CmsPrefrenceAreaProductRelationExample.java",4,0,4,0,1,"0,00","0,00",0,0,,,,,4,0,0,68,,68,68,12,68,,0,0,11,57,,380,82,298,90,134,0,,143,220,90,133,,2,,1,,,"0,00",73
File,"CmsPrefrenceAreaProductRelationInput.java",0,0,0,0,0,"0,00","0,00",0,0,,,,,1,0,1,0,,0,0,3,0,,0,0,0,0,,22,5,12,11,1,5,,8,9,9,0,,0,,0,,,"0,42",0
File,"CmsPrefrenceAreaProductRelationMapper.java",0,0,0,0,0,"0,00","0,00",0,0,,,,,1,0,0,0,,11,11,0,11,,11,0,0,0,,30,12,18,17,0,0,,16,17,17,0,,0,,0,,,"0,00",0
File,"CmsPrefrenceAreaService.java",0,0,0,0,0,"0,00","0,00",0,0,,,,,1,0,0,0,,4,4,0,4,,4,0,0,0,,38,6,10,9,0,22,,8,9,9,0,,0,,0,,,"2,20",0
File,"CmsPrefrenceAreaServiceImpl.java",8,0,7,1,1,"0,00","0,00",0,0,,,,,1,0,0,7,,7,5,3,5,,0,1,0,4,,80,13,56,37,21,11,,34,40,28,19,,1,,0,,,"0,20",7
File,"CmsPrefrenceAreaServiceImplTest.java",5,1,4,0,1,"0,00","0,00",0,0,,,,,1,0,0,1,,1,1,1,1,,0,0,0,1,,25,7,18,15,1,0,,10,12,11,1,,1,,0,,,"0,00",1
File,"CmsSubject.java",4,0,4,0,1,"0,00","0,00",0,0,,,,,1,0,1,33,,33,33,16,33,,0,0,0,33,,187,36,151,63,56,0,,76,110,56,55,,1,,0,,,"0,00",33
File,"CmsSubject.java",4,0,4,0,1,"0,00","0,00",0,0,,,,,1,0,1,33,,33,33,16,33,,0,0,0,33,,202,51,151,63,56,0,,76,110,56,55,,1,,0,,,"0,00",33
File,"CmsSubject.java",4,0,4,0,1,"0,00","0,00",0,0,,,,,1,0,1,33,,33,33,16,33,,0,0,0,33,,202,51,151,63,56,0,,76,110,56,55,,1,,0,,,"0,00",33
File,"CmsSubjectCategory.java",4,0,4,0,1,"0,00","0,00",0,0,,,,,1,0,1,13,,13,13,6,13,,0,0,0,13,,82,16,66,28,26,0,,35,49,25,25,,1,,0,,,"0,00",13
File,"CmsSubjectCategoryExample.java",4,0,4,0,1,"0,00","0,00",0,0,,,,,4,0,0,108,,108,108,12,108,,0,0,11,97,,580,122,458,130,214,0,,223,340,130,213,,2,,1,,,"0,00",113
File,"CmsSubjectCategoryMapper.java",0,0,0,0,0,"0,00","0,00",0,0,,,,,1,0,0,0,,11,11,0,11,,11,0,0,0,,30,12,18,17,0,0,,16,17,17,0,,0,,0,,,"0,00",0
File,"CmsSubjectComment.java",4,0,4,0,1,"0,00","0,00",0,0,,,,,1,0,1,15,,15,15,7,15,,0,0,0,15,,89,17,72,29,29,0,,39,55,28,28,,1,,0,,,"0,00",15
File,"CmsSubjectCommentExample.java",4,0,4,0,1,"0,00","0,00",0,0,,,,,4,0,0,122,,122,122,12,122,,0,0,11,111,,651,136,515,145,242,0,,252,383,145,241,,2,,1,,,"0,00",127
File,"CmsSubjectCommentMapper.java",0,0,0,0,0,"0,00","0,00",0,0,,,,,1,0,0,0,,11,11,0,11,,11,0,0,0,,30,12,18,17,0,0,,16,17,17,0,,0,,0,,,"0,00",0
File,"CmsSubjectController.java",8,0,8,0,1,"0,00","0,00",0,0,,,,,1,0,0,5,,5,5,1,5,,0,0,0,5,,71,8,59,46,10,4,,24,30,23,10,,1,,0,,,"0,07",5
File,"CmsSubjectExample.java",4,0,4,0,1,"0,00","0,00",0,0,,,,,4,0,0,222,,222,222,12,222,,0,0,11,211,,1151,236,915,245,442,0,,452,683,245,441,,2,,1,,,"0,00",227
File,"CmsSubjectExample.java",4,0,4,0,1,"0,00","0,00",0,0,,,,,4,0,0,222,,222,222,12,222,,0,0,11,211,,1151,236,915,245,442,0,,452,683,245,441,,2,,1,,,"0,00",227
File,"CmsSubjectExample.java",4,0,4,0,1,"0,00","0,00",0,0,,,,,4,0,0,222,,222,222,12,222,,0,0,11,211,,1151,236,915,245,442,0,,452,683,245,441,,2,,1,,,"0,00",227
File,"CmsSubjectMapper.java",0,0,0,0,0,"0,00","0,00",0,0,,,,,1,0,0,0,,14,14,0,14,,14,0,0,0,,36,15,21,20,0,0,,19,20,20,0,,0,,0,,,"0,00",0
File,"CmsSubjectMapper.java",0,0,0,0,0,"0,00","0,00",0,0,,,,,1,0,0,0,,14,14,0,14,,14,0,0,0,,36,15,21,20,0,0,,19,20,20,0,,0,,0,,,"0,00",0
File,"CmsSubjectMapper.java",0,0,0,0,0,"0,00","0,00",0,0,,,,,1,0,0,0,,14,14,0,14,,14,0,0,0,,36,15,21,20,0,0,,19,20,20,0,,0,,0,,,"0,00",0
File,"CmsSubjectProductRelation.java",4,0,4,0,1,"0,00","0,00",0,0,,,,,1,0,1,7,,7,7,3,7,,0,0,0,7,,49,10,39,16,17,0,,22,30,15,16,,1,,0,,,"0,00",7
File,"CmsSubjectProductRelationClient.java",0,0,0,0,0,"0,00","0,00",0,0,,,,,1,0,0,0,,3,3,0,3,,3,0,0,0,,42,7,15,14,0,20,,9,10,10,0,,0,,0,,,"1,33",0
File,"CmsSubjectProductRelationDao.java",0,0,0,0,0,"0,00","0,00",0,0,,,,,1,0,0,0,,2,2,0,2,,2,0,0,0,,25,5,8,7,0,12,,6,7,7,0,,0,,0,,,"1,50",0
File,"CmsSubjectProductRelationExample.java",4,0,4,0,1,"0,00","0,00",0,0,,,,,4,0,0,68,,68,68,12,68,,0,0,11,57,,380,82,298,90,134,0,,143,220,90,133,,2,,1,,,"0,00",73
File,"CmsSubjectProductRelationInput.java",0,0,0,0,0,"0,00","0,00",0,0,,,,,1,0,1,0,,0,0,3,0,,0,0,0,0,,26,9,12,11,1,5,,8,9,9,0,,0,,0,,,"0,42",0
File,"CmsSubjectProductRelationMapper.java",0,0,0,0,0,"0,00","0,00",0,0,,,,,1,0,0,0,,11,11,0,11,,11,0,0,0,,30,12,18,17,0,0,,16,17,17,0,,0,,0,,,"0,00",0
File,"CmsSubjectService.java",0,0,0,0,0,"0,00","0,00",0,0,,,,,1,0,0,0,,5,5,0,5,,5,0,0,0,,43,7,11,10,0,25,,9,10,10,0,,0,,0,,,"2,27",0
File,"CmsSubjectServiceImpl.java",7,0,7,0,1,"0,00","0,00",0,0,,,,,1,0,0,8,,8,6,3,6,,0,1,0,5,,91,15,71,46,27,5,,44,52,36,25,,2,,1,,,"0,07",9
File,"CmsTopic.java",4,0,4,0,1,"0,00","0,00",0,0,,,,,1,0,1,25,,25,25,12,25,,0,0,0,25,,146,28,118,50,44,0,,60,86,44,43,,1,,0,,,"0,00",25
File,"CmsTopicCategory.java",4,0,4,0,1,"0,00","0,00",0,0,,,,,1,0,1,13,,13,13,6,13,,0,0,0,13,,82,16,66,28,26,0,,35,49,25,25,,1,,0,,,"0,00",13
File,"CmsTopicCategoryExample.java",4,0,4,0,1,"0,00","0,00",0,0,,,,,4,0,0,108,,108,108,12,108,,0,0,11,97,,580,122,458,130,214,0,,223,340,130,213,,2,,1,,,"0,00",113
File,"CmsTopicCategoryMapper.java",0,0,0,0,0,"0,00","0,00",0,0,,,,,1,0,0,0,,11,11,0,11,,11,0,0,0,,30,12,18,17,0,0,,16,17,17,0,,0,,0,,,"0,00",0
File,"CmsTopicComment.java",4,0,4,0,1,"0,00","0,00",0,0,,,,,1,0,1,15,,15,15,7,15,,0,0,0,15,,89,17,72,29,29,0,,39,55,28,28,,1,,0,,,"0,00",15
File,"CmsTopicCommentExample.java",4,0,4,0,1,"0,00","0,00",0,0,,,,,4,0,0,122,,122,122,12,122,,0,0,11,111,,651,136,515,145,242,0,,252,383,145,241,,2,,1,,,"0,00",127
File,"CmsTopicCommentMapper.java",0,0,0,0,0,"0,00","0,00",0,0,,,,,1,0,0,0,,11,11,0,11,,11,0,0,0,,30,12,18,17,0,0,,16,17,17,0,,0,,0,,,"0,00",0
File,"CmsTopicExample.java",4,0,4,0,1,"0,00","0,00",0,0,,,,,4,0,0,170,,170,170,12,170,,0,0,11,159,,891,184,707,193,338,0,,348,527,193,337,,2,,1,,,"0,00",175
File,"CmsTopicMapper.java",0,0,0,0,0,"0,00","0,00",0,0,,,,,1,0,0,0,,14,14,0,14,,14,0,0,0,,36,15,21,20,0,0,,19,20,20,0,,0,,0,,,"0,00",0
File,"CommentGenerator.java",12,0,8,4,2,"0,00","0,00",0,0,,,,,1,0,2,4,,4,4,1,4,,0,1,0,3,,73,7,46,23,19,21,,24,34,20,16,,3,,2,,,"0,46",8
File,"CommentGenerator.java",12,0,8,4,2,"0,00","0,00",0,0,,,,,1,0,2,4,,4,4,1,4,,0,1,0,3,,73,7,46,23,19,21,,24,34,20,16,,3,,2,,,"0,46",8
File,"CommentGenerator.java",12,0,8,4,2,"0,00","0,00",0,0,,,,,1,0,2,4,,4,4,1,4,,0,1,0,3,,73,7,46,23,19,21,,24,34,20,16,,3,,2,,,"0,46",8
File,"CommentGenerator.java",12,0,8,4,2,"0,00","0,00",0,0,,,,,1,0,2,4,,4,4,1,4,,0,1,0,3,,73,7,46,23,19,21,,24,34,20,16,,3,,2,,,"0,46",8
File,"CommentGenerator.java",12,0,8,4,2,"0,00","0,00",0,0,,,,,1,0,2,4,,4,4,1,4,,0,1,0,3,,73,7,46,23,19,21,,24,34,20,16,,3,,2,,,"0,46",8
File,"CommentGenerator.java",12,0,8,4,2,"0,00","0,00",0,0,,,,,1,0,2,4,,4,4,1,4,,0,1,0,3,,73,7,46,23,19,21,,24,34,20,16,,3,,2,,,"0,46",8
File,"CommentGenerator.java",12,0,8,4,2,"0,00","0,00",0,0,,,,,1,0,2,4,,4,4,1,4,,0,1,0,3,,73,7,46,23,19,21,,24,34,20,16,,3,,2,,,"0,46",8
File,"CommentGenerator.java",12,0,8,4,2,"0,00","0,00",0,0,,,,,1,0,2,4,,4,4,1,4,,0,1,0,3,,73,7,46,23,19,21,,24,34,20,16,,3,,2,,,"0,46",8
File,"CommentGenerator.java",12,0,8,4,2,"0,00","0,00",0,0,,,,,1,0,2,4,,4,4,1,4,,0,1,0,3,,73,7,46,23,19,21,,24,34,20,16,,3,,2,,,"0,46",8
File,"CommentGenerator.java",12,0,8,4,2,"0,00","0,00",0,0,,,,,1,0,2,4,,4,4,1,4,,0,1,0,3,,73,7,46,23,19,21,,24,34,20,16,,3,,2,,,"0,46",8
File,"CommentGenerator.java",12,0,8,4,2,"0,00","0,00",0,0,,,,,1,0,2,4,,4,4,1,4,,0,1,0,3,,73,7,46,23,19,21,,24,34,20,16,,3,,2,,,"0,46",8
File,"CommonPage.java",5,0,4,1,1,"0,00","0,00",0,0,,,,,1,2,0,12,,12,10,5,12,,0,0,0,12,,85,15,60,25,25,10,,34,47,25,25,,1,,0,,,"0,17",12
File,"CommonResult.java",5,0,3,2,1,"0,00","0,00",0,0,,,,,1,10,0,18,,18,8,3,18,,0,0,2,16,,126,20,62,24,19,44,,24,43,24,19,,1,,0,,,"0,71",18
File,"ConfigController.java",4,0,4,0,1,"0,00","0,00",0,0,,,,,1,0,0,1,,1,1,1,1,,0,0,0,1,,28,6,17,14,1,5,,8,10,9,1,,1,,0,,,"0,29",1
File,"ConfigController.java",4,0,4,0,1,"0,00","0,00",0,0,,,,,1,0,0,1,,1,1,1,1,,0,0,0,1,,28,6,17,14,1,5,,8,10,9,1,,1,,0,,,"0,29",1
File,"ConfigController.java",4,0,4,0,1,"0,00","0,00",0,0,,,,,1,0,0,1,,1,1,1,1,,0,0,0,1,,28,6,17,14,1,5,,8,10,9,1,,1,,0,,,"0,29",1
File,"ConfigController.java",4,0,4,0,1,"0,00","0,00",0,0,,,,,1,0,0,1,,1,1,1,1,,0,0,0,1,,28,6,17,14,1,5,,8,10,9,1,,1,,0,,,"0,29",1
File,"ConfigController.java",4,0,4,0,1,"0,00","0,00",0,0,,,,,1,0,0,1,,1,1,1,1,,0,0,0,1,,28,6,17,14,1,5,,8,10,9,1,,1,,0,,,"0,29",1
File,"ConfirmOrderResult.java",3,0,3,0,1,"0,00","0,00",0,0,,,,,2,0,0,20,,20,20,10,20,,0,0,0,20,,119,24,81,39,20,14,,37,59,39,20,,1,,0,,,"0,17",20
File,"CouponController.java",11,0,8,3,1,"0,00","0,00",0,0,,,,,1,0,0,12,,12,12,2,12,,0,0,0,12,,179,21,116,89,25,42,,41,54,40,25,,1,,0,,,"0,36",12
File,"CouponFeign.java",0,0,0,0,0,"0,00","0,00",0,0,,,,,1,0,0,0,,11,11,0,11,,11,0,0,0,,137,20,42,41,0,75,,20,21,21,0,,0,,0,,,"1,79",0
File,"CouponService.java",0,0,0,0,0,"0,00","0,00",0,0,,,,,1,0,0,0,,11,11,0,11,,11,0,0,0,,103,14,19,18,0,70,,17,18,18,0,,0,,0,,,"3,68",0
File,"CouponServiceImpl.java",20,0,15,5,3,"0,00","0,00",0,0,,,,,1,0,0,17,,17,15,9,15,,0,4,0,11,,409,32,285,119,174,92,,156,208,105,155,,11,,3,,,"0,32",49
File,"DateUtil.java",11,0,8,3,1,"0,00","0,00",0,0,,,,,1,2,0,2,,2,0,0,2,,0,0,0,2,,35,4,21,8,12,10,,15,18,8,12,,1,,0,,,"0,48",2
File,"DateUtil.java",11,0,8,3,1,"0,00","0,00",0,0,,,,,1,2,0,2,,2,0,0,2,,0,0,0,2,,35,4,21,8,12,10,,15,18,8,12,,1,,0,,,"0,48",2
File,"DynamicAccessDecisionManager.java",9,0,9,1,2,"0,00","0,00",0,0,,,,,1,0,0,3,,3,3,0,3,,0,0,0,3,,51,7,38,21,12,6,,18,27,18,12,,5,,3,,,"0,16",7
File,"DynamicSecurityFilter.java",10,1,9,0,2,"0,00","0,00",0,0,,,,,1,0,0,4,,4,4,2,4,,0,0,0,4,,61,11,50,29,18,0,,27,36,24,16,,3,,2,,,"0,00",6
File,"DynamicSecurityMetadataSource.java",7,0,6,1,2,"0,00","0,00",0,0,,,,,1,0,1,5,,5,5,1,5,,0,0,0,5,,64,10,47,29,17,7,,26,35,24,17,,4,,2,,,"0,15",8
File,"DynamicSecurityService.java",0,0,0,0,0,"0,00","0,00",0,0,,,,,1,0,0,0,,1,1,0,1,,1,0,0,0,,16,3,6,5,0,7,,4,5,5,0,,0,,0,,,"1,17",0
File,"FlagValidator.java",0,0,0,0,0,"0,00","0,00",0,0,,,,,1,0,0,0,,4,4,0,4,,4,0,0,0,,23,5,14,13,0,4,,8,9,9,0,,0,,0,,,"0,29",0
File,"FlagValidatorClass.java",10,0,9,1,3,"0,00","0,00",0,0,,,,,1,0,0,2,,2,2,1,2,,0,0,0,2,,32,3,24,10,9,5,,12,18,9,9,,4,,2,,,"0,21",5
File,"FlashPromotionProduct.java",0,0,0,0,0,"0,00","0,00",0,0,,,,,1,0,0,0,,0,0,3,0,,0,0,0,0,,19,3,12,11,0,4,,8,9,9,0,,0,,0,,,"0,33",0
File,"Generator.java",21,1,14,6,2,"0,00","0,00",0,0,,,,,1,1,0,1,,1,0,0,1,,0,0,0,1,,38,4,24,17,11,10,,18,22,18,10,,2,,1,,,"0,42",2
File,"Generator.java",21,1,14,6,2,"0,00","0,00",0,0,,,,,1,1,0,1,,1,0,0,1,,0,0,0,1,,38,4,24,17,11,10,,18,22,18,10,,2,,1,,,"0,42",2
File,"Generator.java",21,1,14,6,2,"0,00","0,00",0,0,,,,,1,1,0,1,,1,0,0,1,,0,0,0,1,,38,4,24,17,11,10,,18,22,18,10,,2,,1,,,"0,42",2
File,"Generator.java",21,1,14,6,2,"0,00","0,00",0,0,,,,,1,1,0,1,,1,0,0,1,,0,0,0,1,,38,4,24,17,11,10,,18,22,18,10,,2,,1,,,"0,42",2
File,"Generator.java",21,1,14,6,2,"0,00","0,00",0,0,,,,,1,1,0,1,,1,0,0,1,,0,0,0,1,,38,4,24,17,11,10,,18,22,18,10,,2,,1,,,"0,42",2
File,"Generator.java",21,1,14,6,2,"0,00","0,00",0,0,,,,,1,1,0,1,,1,0,0,1,,0,0,0,1,,38,4,24,17,11,10,,18,22,18,10,,2,,1,,,"0,42",2
File,"Generator.java",21,1,14,6,2,"0,00","0,00",0,0,,,,,1,1,0,1,,1,0,0,1,,0,0,0,1,,38,4,24,17,11,10,,18,22,18,10,,2,,1,,,"0,42",2
File,"Generator.java",21,1,14,6,2,"0,00","0,00",0,0,,,,,1,1,0,1,,1,0,0,1,,0,0,0,1,,38,4,24,17,11,10,,18,22,18,10,,2,,1,,,"0,42",2
File,"Generator.java",21,1,14,6,2,"0,00","0,00",0,0,,,,,1,1,0,1,,1,0,0,1,,0,0,0,1,,38,4,24,17,11,10,,18,22,18,10,,2,,1,,,"0,42",2
File,"Generator.java",21,1,14,6,2,"0,00","0,00",0,0,,,,,1,1,0,1,,1,0,0,1,,0,0,0,1,,38,4,24,17,11,10,,18,22,18,10,,2,,1,,,"0,42",2
File,"Generator.java",21,1,14,6,2,"0,00","0,00",0,0,,,,,1,1,0,1,,1,0,0,1,,0,0,0,1,,38,4,24,17,11,10,,18,22,18,10,,2,,1,,,"0,42",2
Unknown Annotation,"GetMapping",,,,,,,,,,,,,,,,,,,,,,,,,,,,,,,,,,,,,,,,,,,,,,"0,00",
File,"GlobalCorsConfig.java",18,0,11,8,1,"0,00","0,00",0,0,,,,,1,0,0,1,,1,1,0,1,,0,0,0,1,,34,3,20,12,8,12,,14,16,10,8,,1,,0,,,"0,60",1
File,"GlobalExceptionHandler.java",8,0,8,0,2,"0,00","0,00",0,0,,,,,1,0,0,1,,1,1,0,1,,0,0,0,1,,23,3,16,10,3,4,,7,10,7,3,,2,,1,,,"0,25",2
File,"HomeContentResult.java",0,0,0,0,0,"0,00","0,00",0,0,,,,,1,0,0,0,,0,0,6,0,,0,0,0,0,,31,3,18,17,0,10,,14,15,15,0,,0,,0,,,"0,56",0
File,"HomeController.java",8,0,8,0,1,"0,00","0,00",0,0,,,,,1,0,0,6,,6,6,1,6,,0,0,0,6,,80,9,67,54,12,4,,26,33,27,12,,1,,0,,,"0,06",6
File,"HomeDao.java",0,0,0,0,0,"0,00","0,00",0,0,,,,,1,0,0,0,,4,4,0,4,,4,0,0,0,,39,9,13,12,0,17,,11,12,12,0,,0,,0,,,"1,31",0
File,"HomeFlashPromotion.java",0,0,0,0,0,"0,00","0,00",0,0,,,,,1,0,0,0,,0,0,5,0,,0,0,0,0,,22,3,14,13,0,5,,10,11,11,0,,0,,0,,,"0,36",0
File,"HomeService.java",0,0,0,0,0,"0,00","0,00",0,0,,,,,1,0,0,0,,6,6,0,6,,6,0,0,0,,49,9,14,13,0,26,,12,13,13,0,,0,,0,,,"1,86",0
File,"HomeServiceImpl.java",12,0,10,2,2,"0,00","0,00",0,0,,,,,1,0,0,7,,7,7,6,7,,0,1,0,6,,130,15,100,55,46,15,,59,71,42,40,,4,,3,,,"0,15",11
File,"IErrorCode.java",0,0,0,0,0,"0,00","0,00",0,0,,,,,1,0,0,0,,2,2,0,2,,2,0,0,0,,11,2,5,4,0,4,,3,4,4,0,,0,,0,,,"0,80",0
File,"IgnoreUrlsConfig.java",0,0,0,0,0,"0,00","0,00",0,0,,,,,1,0,0,0,,0,0,1,0,,0,0,0,0,,21,5,12,11,1,4,,7,8,8,1,,0,,0,,,"0,33",0
File,"IgnoreUrlsConfig.java",0,0,0,0,0,"0,00","0,00",0,0,,,,,1,0,0,0,,0,0,1,0,,0,0,0,0,,21,5,12,11,1,4,,7,8,8,1,,0,,0,,,"0,33",0
File,"JacksonConfig.java",26,2,8,16,1,"0,00","0,00",0,0,,,,,1,0,0,1,,1,1,0,1,,0,0,0,1,,45,5,19,15,3,21,,11,13,11,3,,1,,0,,,"1,11",1
File,"JwtAuthenticationTokenFilter.java",21,0,21,1,4,"0,00","0,00",0,0,,,,,1,0,1,1,,1,1,4,1,,0,0,1,0,,57,4,49,36,14,5,,32,37,29,14,,4,,3,,,"0,10",4
File,"JwtTokenUtil.java",17,0,14,3,3,"0,00","0,00",0,0,,,,,1,0,1,2,,2,2,3,2,,0,1,0,1,,81,18,46,24,20,17,,25,31,20,14,,3,,1,,,"0,37",5
File,"JwtTokenUtil.java",17,0,14,3,3,"0,00","0,00",0,0,,,,,1,0,1,2,,2,2,3,2,,0,1,0,1,,81,18,46,24,20,17,,25,31,20,14,,3,,1,,,"0,37",5
File,"JwtTokenUtil.java",12,0,8,4,2,"0,00","0,00",0,0,,,,,1,0,3,10,,10,10,3,10,,0,6,0,4,,171,13,106,46,55,52,,55,74,43,42,,6,,1,,,"0,49",18
File,"MallBootMonitorApplication.java",3,0,3,0,1,"0,00","0,00",0,0,,,,,1,1,0,1,,1,0,0,1,,0,0,0,1,,18,2,11,8,1,5,,5,7,6,1,,1,,0,,,"0,45",1
File,"MallGatewayApplication.java",3,0,3,0,1,"0,00","0,00",0,0,,,,,1,1,0,1,,1,0,0,1,,0,0,0,1,,20,3,12,9,1,5,,6,8,7,1,,1,,0,,,"0,42",1
File,"MallPortalContentApplication.java",3,0,3,0,1,"0,00","0,00",0,0,,,,,1,1,0,1,,1,0,0,1,,0,0,0,1,,17,2,10,7,1,5,,5,7,6,1,,1,,0,,,"0,50",1
File,"MallPortalCouponApplication.java",3,0,3,0,1,"0,00","0,00",0,0,,,,,1,1,0,1,,1,0,0,1,,0,0,0,1,,18,2,11,8,1,5,,5,7,6,1,,1,,0,,,"0,45",1
File,"MallPortalMemberApplication.java",3,0,3,0,1,"0,00","0,00",0,0,,,,,1,1,0,1,,1,0,0,1,,0,0,0,1,,20,4,11,8,1,5,,5,7,6,1,,1,,0,,,"0,45",1
File,"MallPortalOrderApplication.java",3,0,3,0,1,"0,00","0,00",0,0,,,,,1,1,0,1,,1,0,0,1,,0,0,0,1,,21,4,12,9,1,5,,6,8,7,1,,1,,0,,,"0,42",1
File,"MallPortalProductApplication.java",3,0,3,0,1,"0,00","0,00",0,0,,,,,1,1,0,1,,1,0,0,1,,0,0,0,1,,20,4,11,8,1,5,,5,7,6,1,,1,,0,,,"0,45",1
File,"MallSecurityConfig.java",7,0,6,0,1,"0,00","0,00",0,0,,,,,1,0,0,4,,4,2,2,2,,0,0,0,2,,53,7,41,31,8,5,,24,29,24,7,,2,,1,,,"0,12",5
File,"MallSecurityConfig.java",4,0,3,1,1,"0,00","0,00",0,0,,,,,1,0,0,2,,2,1,1,1,,0,0,0,1,,30,4,21,18,1,5,,11,13,12,1,,1,,0,,,"0,24",2
File,"MemberAttentionController.java",9,0,9,0,1,"0,00","0,00",0,0,,,,,1,0,0,5,,5,5,1,5,,0,0,0,5,,73,7,62,42,16,4,,24,32,22,14,,2,,1,,,"0,06",7
File,"MemberAttentionService.java",0,0,0,0,0,"0,00","0,00",0,0,,,,,1,0,0,0,,5,5,0,5,,5,0,0,0,,38,6,10,9,0,22,,8,9,9,0,,0,,0,,,"2,20",0
File,"MemberAttentionServiceImpl.java",9,0,7,2,1,"0,00","0,00",0,0,,,,,1,0,0,5,,5,5,2,5,,0,0,0,5,,73,7,53,35,19,13,,31,38,27,18,,2,,1,,,"0,25",6
File,"MemberBrandAttention.java",3,0,3,0,1,"0,00","0,00",0,0,,,,,1,0,0,18,,18,18,9,18,,0,0,0,18,,99,21,74,37,18,4,,32,51,33,18,,1,,0,,,"0,05",18
File,"MemberBrandAttentionRepository.java",0,0,0,0,0,"0,00","0,00",0,0,,,,,1,0,0,0,,4,4,0,4,,4,0,0,0,,21,6,11,10,0,4,,9,10,10,0,,0,,0,,,"0,36",0
File,"MemberCollectionService.java",0,0,0,0,0,"0,00","0,00",0,0,,,,,1,0,0,0,,6,6,0,6,,6,0,0,0,,58,8,12,11,0,38,,10,11,11,0,,0,,0,,,"3,17",0
File,"MemberCollectionServiceImpl.java",9,0,7,3,1,"0,00","0,00",0,0,,,,,1,0,0,6,,6,6,3,6,,0,0,0,6,,92,10,63,42,21,19,,37,45,32,20,,2,,1,,,"0,30",7
File,"MemberDetails.java",4,0,4,0,1,"0,00","0,00",0,0,,,,,1,0,0,9,,9,9,1,9,,0,0,0,9,,61,12,44,25,9,5,,17,27,18,9,,1,,0,,,"0,11",9
File,"MemberFeign.java",0,0,0,0,0,"0,00","0,00",0,0,,,,,1,0,0,0,,4,4,0,4,,4,0,0,0,,62,11,21,20,0,30,,14,15,15,0,,0,,0,,,"1,43",0
File,"MemberProductCollection.java",3,0,3,0,1,"0,00","0,00",0,0,,,,,1,0,0,20,,20,20,10,20,,0,0,0,20,,106,23,79,38,20,4,,34,55,35,20,,1,,0,,,"0,05",20
File,"MemberProductCollectionController.java",9,0,9,0,1,"0,00","0,00",0,0,,,,,1,0,0,6,,6,6,1,6,,0,0,0,6,,86,12,70,48,18,4,,27,36,25,16,,2,,1,,,"0,06",8
File,"MemberProductCollectionRepository.java",0,0,0,0,0,"0,00","0,00",0,0,,,,,1,0,0,0,,4,4,0,4,,4,0,0,0,,20,5,11,10,0,4,,9,10,10,0,,0,,0,,,"0,36",0
File,"MemberReadHistory.java",3,0,3,0,1,"0,00","0,00",0,0,,,,,1,0,0,20,,20,20,10,20,,0,0,0,20,,108,23,81,40,20,4,,35,56,36,20,,1,,0,,,"0,05",20
File,"MemberReadHistoryController.java",9,0,9,0,2,"0,00","0,00",0,0,,,,,1,0,0,4,,4,4,1,4,,0,0,0,4,,67,7,56,38,14,4,,23,30,21,12,,2,,1,,,"0,07",6
File,"MemberReadHistoryRepository.java",0,0,0,0,0,"0,00","0,00",0,0,,,,,1,0,0,0,,2,2,0,2,,2,0,0,0,,16,3,9,8,0,4,,7,8,8,0,,0,,0,,,"0,44",0
File,"MemberReadHistoryService.java",0,0,0,0,0,"0,00","0,00",0,0,,,,,1,0,0,0,,4,4,0,4,,4,0,0,0,,33,7,10,9,0,16,,8,9,9,0,,0,,0,,,"1,60",0
File,"MemberReadHistoryServiceImpl.java",9,0,8,1,1,"0,00","0,00",0,0,,,,,1,0,0,4,,4,4,2,4,,0,0,0,4,,68,7,54,34,20,7,,35,42,28,20,,2,,1,,,"0,13",5
File,"MemberUtil.java",19,0,13,6,3,"0,00","0,00",0,0,,,,,1,0,0,1,,1,1,4,1,,0,0,0,1,,54,7,36,25,9,11,,22,26,19,9,,3,,1,,,"0,31",3
File,"MinioController.java",22,0,20,2,3,"0,00","0,00",0,0,,,,,1,0,1,2,,2,2,4,2,,0,0,0,2,,85,6,72,46,28,7,,44,50,33,25,,3,,2,,,"0,10",5
File,"MinioUploadDto.java",0,0,0,0,0,"0,00","0,00",0,0,,,,,1,0,0,0,,0,0,2,0,,0,0,0,0,,18,2,12,11,0,4,,6,7,7,0,,0,,0,,,"0,33",0
File,"MyBatisConfig.java",0,0,0,0,0,"0,00","0,00",0,0,,,,,1,0,0,0,,0,0,0,0,,0,0,0,0,,15,2,9,8,0,4,,4,5,5,0,,0,,0,,,"0,44",0
File,"MyBatisConfig.java",0,0,0,0,0,"0,00","0,00",0,0,,,,,1,0,0,0,,0,0,0,0,,0,0,0,0,,15,2,9,8,0,4,,4,5,5,0,,0,,0,,,"0,44",0
File,"MyBatisConfig.java",0,0,0,0,0,"0,00","0,00",0,0,,,,,1,0,0,0,,0,0,0,0,,0,0,0,0,,15,2,9,8,0,4,,4,5,5,0,,0,,0,,,"0,44",0
File,"MyBatisConfig.java",0,0,0,0,0,"0,00","0,00",0,0,,,,,1,0,0,0,,0,0,0,0,,0,0,0,0,,15,2,9,8,0,4,,4,5,5,0,,0,,0,,,"0,44",0
File,"MyBatisConfig.java",0,0,0,0,0,"0,00","0,00",0,0,,,,,1,0,0,0,,0,0,0,0,,0,0,0,0,,15,2,9,8,0,4,,4,5,5,0,,0,,0,,,"0,44",0
File,"MyBatisConfig.java",0,0,0,0,0,"0,00","0,00",0,0,,,,,1,0,0,0,,0,0,0,0,,0,0,0,0,,15,2,9,8,0,4,,4,5,5,0,,0,,0,,,"0,44",0
File,"MyBatisConfig.java",0,0,0,0,0,"0,00","0,00",0,0,,,,,1,0,0,0,,0,0,0,0,,0,0,0,0,,15,2,9,8,0,4,,4,5,5,0,,0,,0,,,"0,44",0
File,"MyBatisConfig.java",0,0,0,0,0,"0,00","0,00",0,0,,,,,1,0,0,0,,0,0,0,0,,0,0,0,0,,15,2,9,8,0,4,,4,5,5,0,,0,,0,,,"0,44",0
File,"MyBatisConfig.java",0,0,0,0,0,"0,00","0,00",0,0,,,,,1,0,0,0,,0,0,0,0,,0,0,0,0,,15,2,9,8,0,4,,4,5,5,0,,0,,0,,,"0,44",0
File,"MyBatisConfig.java",0,0,0,0,0,"0,00","0,00",0,0,,,,,1,0,0,0,,0,0,0,0,,0,0,0,0,,15,2,9,8,0,4,,4,5,5,0,,0,,0,,,"0,44",0
File,"OmsAdminApplication.java",3,0,3,0,1,"0,00","0,00",0,0,,,,,1,1,0,1,,1,0,0,1,,0,0,0,1,,16,2,9,6,1,5,,4,6,5,1,,1,,0,,,"0,56",1
File,"OmsCartItem.java",4,0,4,0,1,"0,00","0,00",0,0,,,,,1,0,1,37,,37,37,18,37,,0,0,0,37,,214,40,174,76,62,0,,85,123,63,61,,1,,0,,,"0,00",37
File,"OmsCartItem.java",4,0,4,0,1,"0,00","0,00",0,0,,,,,1,0,1,37,,37,37,18,37,,0,0,0,37,,231,57,174,76,62,0,,85,123,63,61,,1,,0,,,"0,00",37
File,"OmsCartItemController.java",10,0,10,0,2,"0,00","0,00",0,0,,,,,1,0,0,8,,8,8,3,8,,0,0,0,8,,120,13,103,71,31,4,,44,58,40,31,,2,,1,,,"0,04",13
File,"OmsCartItemExample.java",4,0,4,0,1,"0,00","0,00",0,0,,,,,4,0,0,264,,264,264,12,264,,0,0,11,253,,1362,278,1084,288,526,0,,537,810,288,525,,2,,1,,,"0,00",269
File,"OmsCartItemExample.java",4,0,4,0,1,"0,00","0,00",0,0,,,,,4,0,0,264,,264,264,12,264,,0,0,11,253,,1362,278,1084,288,526,0,,537,810,288,525,,2,,1,,,"0,00",269
File,"OmsCartItemMapper.java",0,0,0,0,0,"0,00","0,00",0,0,,,,,1,0,0,0,,11,11,0,11,,11,0,0,0,,30,12,18,17,0,0,,16,17,17,0,,0,,0,,,"0,00",0
File,"OmsCartItemMapper.java",0,0,0,0,0,"0,00","0,00",0,0,,,,,1,0,0,0,,11,11,0,11,,11,0,0,0,,30,12,18,17,0,0,,16,17,17,0,,0,,0,,,"0,00",0
File,"OmsCartItemService.java",0,0,0,0,0,"0,00","0,00",0,0,,,,,1,0,0,0,,8,8,0,8,,8,0,0,0,,56,10,18,17,0,28,,14,15,15,0,,0,,0,,,"1,56",0
File,"OmsCartItemServiceImpl.java",10,0,9,0,2,"0,00","0,00",0,0,,,,,1,0,0,10,,10,9,5,9,,0,1,0,8,,153,16,129,70,60,8,,80,96,55,57,,3,,1,,,"0,06",16
File,"OmsCompanyAddress.java",4,0,4,0,1,"0,00","0,00",0,0,,,,,1,0,1,21,,21,21,10,21,,0,0,0,21,,138,33,105,47,38,0,,51,73,37,37,,1,,0,,,"0,00",21
File,"OmsCompanyAddressController.java",7,0,7,0,1,"0,00","0,00",0,0,,,,,1,0,0,1,,1,1,1,1,,0,0,0,1,,34,4,26,23,2,4,,15,17,16,2,,1,,0,,,"0,15",1
File,"OmsCompanyAddressExample.java",4,0,4,0,1,"0,00","0,00",0,0,,,,,4,0,0,166,,166,166,12,166,,0,0,11,155,,870,180,690,188,330,0,,339,514,188,329,,2,,1,,,"0,00",171
File,"OmsCompanyAddressMapper.java",0,0,0,0,0,"0,00","0,00",0,0,,,,,1,0,0,0,,11,11,0,11,,11,0,0,0,,30,12,18,17,0,0,,16,17,17,0,,0,,0,,,"0,00",0
File,"OmsCompanyAddressService.java",0,0,0,0,0,"0,00","0,00",0,0,,,,,1,0,0,0,,1,1,0,1,,1,0,0,0,,16,3,6,5,0,7,,4,5,5,0,,0,,0,,,"1,17",0
File,"OmsCompanyAddressServiceImpl.java",4,0,4,0,1,"0,00","0,00",0,0,,,,,1,0,0,1,,1,1,1,1,,0,0,0,1,,24,3,17,14,1,4,,10,12,11,1,,1,,0,,,"0,24",1
File,"OmsMoneyInfoParam.java",0,0,0,0,0,"0,00","0,00",0,0,,,,,1,0,0,0,,0,0,4,0,,0,0,0,0,,24,3,17,16,0,4,,9,10,10,0,,0,,0,,,"0,24",0
File,"OmsOrder.java",4,0,4,0,1,"0,00","0,00",0,0,,,,,1,0,1,89,,89,89,44,89,,0,0,0,89,,547,135,412,184,140,0,,189,279,141,139,,1,,0,,,"0,00",89
File,"OmsOrder.java",4,0,4,0,1,"0,00","0,00",0,0,,,,,1,0,1,89,,89,89,44,89,,0,0,0,89,,547,135,412,184,140,0,,189,279,141,139,,1,,0,,,"0,00",89
File,"OmsOrderController.java",10,0,10,0,2,"0,00","0,00",0,0,,,,,1,0,0,8,,8,8,1,8,,0,0,0,8,,112,11,97,62,28,4,,35,50,30,28,,2,,1,,,"0,04",14
File,"OmsOrderDao.java",0,0,0,0,0,"0,00","0,00",0,0,,,,,1,0,0,0,,3,3,0,3,,3,0,0,0,,30,5,12,11,0,13,,10,11,11,0,,0,,0,,,"1,08",0
File,"OmsOrderDeliveryParam.java",0,0,0,0,0,"0,00","0,00",0,0,,,,,1,0,0,0,,0,0,3,0,,0,0,0,0,,20,2,14,13,0,4,,7,8,8,0,,0,,0,,,"0,29",0
File,"OmsOrderDetail.java",0,0,0,0,0,"0,00","0,00",0,0,,,,,1,0,0,0,,0,0,2,0,,0,0,0,0,,25,3,18,17,0,4,,10,11,11,0,,0,,0,,,"0,22",0
File,"OmsOrderDetail.java",3,0,3,0,1,"0,00","0,00",0,0,,,,,1,0,0,2,,2,2,1,2,,0,0,0,2,,22,5,13,8,2,4,,7,10,8,2,,1,,0,,,"0,31",2
File,"OmsOrderExample.java",4,0,4,0,1,"0,00","0,00",0,0,,,,,4,0,0,594,,594,594,12,594,,0,0,11,583,,3012,608,2404,618,1186,0,,1197,1800,618,1185,,2,,1,,,"0,00",599
File,"OmsOrderExample.java",4,0,4,0,1,"0,00","0,00",0,0,,,,,4,0,0,594,,594,594,12,594,,0,0,11,583,,3012,608,2404,618,1186,0,,1197,1800,618,1185,,2,,1,,,"0,00",599
File,"OmsOrderItem.java",4,0,4,0,1,"0,00","0,00",0,0,,,,,1,0,1,43,,43,43,21,43,,0,0,0,43,,244,46,198,85,71,0,,96,140,71,70,,1,,0,,,"0,00",43
File,"OmsOrderItem.java",4,0,4,0,1,"0,00","0,00",0,0,,,,,1,0,1,43,,43,43,21,43,,0,0,0,43,,264,66,198,85,71,0,,96,140,71,70,,1,,0,,,"0,00",43
File,"OmsOrderItemExample.java",4,0,4,0,1,"0,00","0,00",0,0,,,,,4,0,0,300,,300,300,12,300,,0,0,11,289,,1541,314,1227,323,598,0,,608,917,323,597,,2,,1,,,"0,00",305
File,"OmsOrderItemExample.java",4,0,4,0,1,"0,00","0,00",0,0,,,,,4,0,0,300,,300,300,12,300,,0,0,11,289,,1541,314,1227,323,598,0,,608,917,323,597,,2,,1,,,"0,00",305
File,"OmsOrderItemMapper.java",0,0,0,0,0,"0,00","0,00",0,0,,,,,1,0,0,0,,11,11,0,11,,11,0,0,0,,30,12,18,17,0,0,,16,17,17,0,,0,,0,,,"0,00",0
File,"OmsOrderItemMapper.java",0,0,0,0,0,"0,00","0,00",0,0,,,,,1,0,0,0,,11,11,0,11,,11,0,0,0,,30,12,18,17,0,0,,16,17,17,0,,0,,0,,,"0,00",0
File,"OmsOrderMapper.java",0,0,0,0,0,"0,00","0,00",0,0,,,,,1,0,0,0,,11,11,0,11,,11,0,0,0,,30,12,18,17,0,0,,16,17,17,0,,0,,0,,,"0,00",0
File,"OmsOrderMapper.java",0,0,0,0,0,"0,00","0,00",0,0,,,,,1,0,0,0,,11,11,0,11,,11,0,0,0,,30,12,18,17,0,0,,16,17,17,0,,0,,0,,,"0,00",0
File,"OmsOrderOperateHistory.java",4,0,4,0,1,"0,00","0,00",0,0,,,,,1,0,1,13,,13,13,6,13,,0,0,0,13,,91,21,70,32,26,0,,36,50,26,25,,1,,0,,,"0,00",13
File,"OmsOrderOperateHistoryDao.java",0,0,0,0,0,"0,00","0,00",0,0,,,,,1,0,0,0,,1,1,0,1,,1,0,0,0,,17,3,7,6,0,7,,5,6,6,0,,0,,0,,,"1,00",0
File,"OmsOrderOperateHistoryExample.java",4,0,4,0,1,"0,00","0,00",0,0,,,,,4,0,0,108,,108,108,12,108,,0,0,11,97,,581,122,459,131,214,0,,224,341,131,213,,2,,1,,,"0,00",113
File,"OmsOrderOperateHistoryMapper.java",0,0,0,0,0,"0,00","0,00",0,0,,,,,1,0,0,0,,11,11,0,11,,11,0,0,0,,30,12,18,17,0,0,,16,17,17,0,,0,,0,,,"0,00",0
File,"OmsOrderQueryParam.java",0,0,0,0,0,"0,00","0,00",0,0,,,,,1,0,0,0,,0,0,6,0,,0,0,0,0,,26,2,20,19,0,4,,10,11,11,0,,0,,0,,,"0,20",0
File,"OmsOrderReturnApply.java",4,0,4,0,1,"0,00","0,00",0,0,,,,,1,0,1,55,,55,55,27,55,,0,0,0,55,,344,84,260,117,89,0,,121,177,90,88,,1,,0,,,"0,00",55
File,"OmsOrderReturnApply.java",4,0,4,0,1,"0,00","0,00",0,0,,,,,1,0,1,55,,55,55,27,55,,0,0,0,55,,344,84,260,117,89,0,,121,177,90,88,,1,,0,,,"0,00",55
File,"OmsOrderReturnApplyController.java",9,0,9,0,2,"0,00","0,00",0,0,,,,,1,0,0,4,,4,4,1,4,,0,0,0,4,,69,8,57,42,12,4,,25,32,24,12,,2,,1,,,"0,07",6
File,"OmsOrderReturnApplyDao.java",0,0,0,0,0,"0,00","0,00",0,0,,,,,1,0,0,0,,2,2,0,2,,2,0,0,0,,24,4,10,9,0,10,,8,9,9,0,,0,,0,,,"1,00",0
File,"OmsOrderReturnApplyExample.java",4,0,4,0,1,"0,00","0,00",0,0,,,,,4,0,0,386,,386,386,12,386,,0,0,11,375,,1972,400,1572,410,770,0,,781,1176,410,769,,2,,1,,,"0,00",391
File,"OmsOrderReturnApplyExample.java",4,0,4,0,1,"0,00","0,00",0,0,,,,,4,0,0,386,,386,386,12,386,,0,0,11,375,,1972,400,1572,410,770,0,,781,1176,410,769,,2,,1,,,"0,00",391
File,"OmsOrderReturnApplyMapper.java",0,0,0,0,0,"0,00","0,00",0,0,,,,,1,0,0,0,,11,11,0,11,,11,0,0,0,,30,12,18,17,0,0,,16,17,17,0,,0,,0,,,"0,00",0
File,"OmsOrderReturnApplyMapper.java",0,0,0,0,0,"0,00","0,00",0,0,,,,,1,0,0,0,,11,11,0,11,,11,0,0,0,,30,12,18,17,0,0,,16,17,17,0,,0,,0,,,"0,00",0
File,"OmsOrderReturnApplyParam.java",0,0,0,0,0,"0,00","0,00",0,0,,,,,1,0,0,0,,0,0,16,0,,0,0,0,0,,49,4,41,40,0,4,,21,22,22,0,,0,,0,,,"0,10",0
File,"OmsOrderReturnApplyResult.java",0,0,0,0,0,"0,00","0,00",0,0,,,,,1,0,0,0,,0,0,1,0,,0,0,0,0,,18,2,12,11,0,4,,7,8,8,0,,0,,0,,,"0,33",0
File,"OmsOrderReturnApplyService.java",0,0,0,0,0,"0,00","0,00",0,0,,,,,1,0,0,0,,4,4,0,4,,4,0,0,0,,34,6,12,11,0,16,,10,11,11,0,,0,,0,,,"1,33",0
File,"OmsOrderReturnApplyServiceImpl.java",12,0,11,1,2,"0,00","0,00",0,0,,,,,1,0,0,4,,4,4,2,4,,0,0,0,4,,78,6,65,31,31,7,,43,51,24,30,,4,,1,,,"0,11",7
File,"OmsOrderReturnReason.java",4,0,4,0,1,"0,00","0,00",0,0,,,,,1,0,1,11,,11,11,5,11,,0,0,0,11,,74,14,60,27,23,0,,32,44,23,22,,1,,0,,,"0,00",11
File,"OmsOrderReturnReasonController.java",9,0,9,0,2,"0,00","0,00",0,0,,,,,1,0,0,6,,6,6,1,6,,0,0,0,6,,87,9,74,49,20,4,,28,39,25,20,,2,,1,,,"0,05",10
File,"OmsOrderReturnReasonExample.java",4,0,4,0,1,"0,00","0,00",0,0,,,,,4,0,0,94,,94,94,12,94,,0,0,11,83,,511,108,403,117,186,0,,196,299,117,185,,2,,1,,,"0,00",99
File,"OmsOrderReturnReasonMapper.java",0,0,0,0,0,"0,00","0,00",0,0,,,,,1,0,0,0,,11,11,0,11,,11,0,0,0,,30,12,18,17,0,0,,16,17,17,0,,0,,0,,,"0,00",0
File,"OmsOrderReturnReasonService.java",0,0,0,0,0,"0,00","0,00",0,0,,,,,1,0,0,0,,6,6,0,6,,6,0,0,0,,41,8,11,10,0,22,,9,10,10,0,,0,,0,,,"2,00",0
File,"OmsOrderReturnReasonServiceImpl.java",6,0,6,0,1,"0,00","0,00",0,0,,,,,1,0,0,6,,6,6,1,6,,0,0,0,6,,65,8,53,30,19,4,,29,37,22,19,,2,,1,,,"0,08",7
File,"OmsOrderService.java",0,0,0,0,0,"0,00","0,00",0,0,,,,,1,0,0,0,,8,8,0,8,,8,0,0,0,,58,10,20,19,0,28,,13,14,14,0,,0,,0,,,"1,40",0
File,"OmsOrderServiceImpl.java",13,0,13,0,1,"0,00","0,00",0,0,,,,,1,0,0,10,,10,8,4,8,,0,0,0,8,,153,11,134,63,83,8,,100,109,48,80,,1,,0,,,"0,06",10
File,"OmsOrderSetting.java",4,0,4,0,1,"0,00","0,00",0,0,,,,,1,0,1,13,,13,13,6,13,,0,0,0,13,,85,16,69,31,26,0,,35,49,25,25,,1,,0,,,"0,00",13
File,"OmsOrderSetting.java",4,0,4,0,1,"0,00","0,00",0,0,,,,,1,0,1,13,,13,13,6,13,,0,0,0,13,,90,21,69,31,26,0,,35,49,25,25,,1,,0,,,"0,00",13
File,"OmsOrderSettingController.java",9,0,9,0,2,"0,00","0,00",0,0,,,,,1,0,0,2,,2,2,1,2,,0,0,0,2,,41,4,33,25,6,4,,15,19,15,6,,2,,1,,,"0,12",3
File,"OmsOrderSettingExample.java",4,0,4,0,1,"0,00","0,00",0,0,,,,,4,0,0,104,,104,104,12,104,,0,0,11,93,,560,118,442,126,206,0,,215,328,126,205,,2,,1,,,"0,00",109
File,"OmsOrderSettingExample.java",4,0,4,0,1,"0,00","0,00",0,0,,,,,4,0,0,104,,104,104,12,104,,0,0,11,93,,560,118,442,126,206,0,,215,328,126,205,,2,,1,,,"0,00",109
File,"OmsOrderSettingMapper.java",0,0,0,0,0,"0,00","0,00",0,0,,,,,1,0,0,0,,11,11,0,11,,11,0,0,0,,30,12,18,17,0,0,,16,17,17,0,,0,,0,,,"0,00",0
File,"OmsOrderSettingMapper.java",0,0,0,0,0,"0,00","0,00",0,0,,,,,1,0,0,0,,11,11,0,11,,11,0,0,0,,30,12,18,17,0,0,,16,17,17,0,,0,,0,,,"0,00",0
File,"OmsOrderSettingService.java",0,0,0,0,0,"0,00","0,00",0,0,,,,,1,0,0,0,,2,2,0,2,,2,0,0,0,,19,3,6,5,0,10,,4,5,5,0,,0,,0,,,"1,67",0
File,"OmsOrderSettingServiceImpl.java",5,0,5,0,1,"0,00","0,00",0,0,,,,,1,0,0,2,,2,2,1,2,,0,0,0,2,,28,4,20,14,3,4,,10,13,10,3,,1,,0,,,"0,20",2
File,"OmsPortalOrderController.java",7,0,7,0,1,"0,00","0,00",0,0,,,,,1,0,0,10,,10,10,1,10,,0,0,0,10,,113,13,96,70,20,4,,36,47,32,20,,1,,0,,,"0,04",10
File,"OmsPortalOrderReturnApplyController.java",10,0,10,0,2,"0,00","0,00",0,0,,,,,1,0,0,1,,1,1,1,1,,0,0,0,1,,36,3,29,23,4,4,,16,19,16,4,,2,,1,,,"0,14",2
File,"OmsPortalOrderReturnApplyService.java",0,0,0,0,0,"0,00","0,00",0,0,,,,,1,0,0,0,,1,1,0,1,,1,0,0,0,,14,2,5,4,0,7,,3,4,4,0,,0,,0,,,"1,40",0
File,"OmsPortalOrderReturnApplyServiceImpl.java",8,0,8,0,1,"0,00","0,00",0,0,,,,,1,0,0,1,,1,1,1,1,,0,0,0,1,,29,3,22,16,5,4,,15,17,13,5,,1,,0,,,"0,18",1
File,"OmsPortalOrderService.java",0,0,0,0,0,"0,00","0,00",0,0,,,,,1,0,0,0,,10,10,0,10,,10,0,0,0,,71,12,24,23,0,35,,18,19,19,0,,0,,0,,,"1,46",0
File,"OmsPortalOrderServiceImpl.java",21,0,16,5,3,"0,00","0,00",0,0,,,,,1,0,0,30,,30,29,19,29,,0,19,0,10,,744,42,559,200,352,143,,320,443,193,331,,16,,3,,,"0,26",97
File,"OmsPromotionService.java",0,0,0,0,0,"0,00","0,00",0,0,,,,,1,0,0,0,,1,1,0,1,,1,0,0,0,,18,3,7,6,0,8,,5,6,6,0,,0,,0,,,"1,14",0
File,"OmsPromotionServiceImpl.java",17,0,14,3,3,"0,00","0,00",0,0,,,,,3,0,0,14,,14,14,1,14,,0,11,0,3,,276,18,210,67,141,48,,123,175,79,130,,10,,4,,,"0,23",38
File,"OmsReceiverInfoParam.java",0,0,0,0,0,"0,00","0,00",0,0,,,,,1,0,0,0,,0,0,9,0,,0,0,0,0,,32,2,26,25,0,4,,13,14,14,0,,0,,0,,,"0,15",0
File,"OmsReturnApplyQueryParam.java",0,0,0,0,0,"0,00","0,00",0,0,,,,,1,0,0,0,,0,0,6,0,,0,0,0,0,,26,2,20,19,0,4,,10,11,11,0,,0,,0,,,"0,20",0
File,"OmsUpdateStatusParam.java",0,0,0,0,0,"0,00","0,00",0,0,,,,,1,0,0,0,,0,0,8,0,,0,0,0,0,,32,3,25,24,0,4,,13,14,14,0,,0,,0,,,"0,16",0
File,"OrderFeign.java",0,0,0,0,0,"0,00","0,00",0,0,,,,,1,0,0,0,,1,1,0,1,,1,0,0,0,,25,4,13,12,0,8,,9,10,10,0,,0,,0,,,"0,62",0
File,"OrderParam.java",0,0,0,0,0,"0,00","0,00",0,0,,,,,1,0,0,0,,0,0,5,0,,0,0,0,0,,26,3,19,18,0,4,,10,11,11,0,,0,,0,,,"0,21",0
File,"OrderTimeOutCancelTask.java",9,0,5,4,1,"0,00","0,00",0,0,,,,,1,0,0,1,,1,1,2,1,,0,1,0,0,,29,3,18,15,3,8,,11,13,12,3,,1,,0,,,"0,44",1
File,"OssCallbackParam.java",0,0,0,0,0,"0,00","0,00",0,0,,,,,1,0,0,0,,0,0,3,0,,0,0,0,0,,20,2,14,13,0,4,,7,8,8,0,,0,,0,,,"0,29",0
File,"OssCallbackResult.java",3,0,3,0,1,"0,00","0,00",0,0,,,,,1,0,0,10,,10,10,5,10,,0,0,0,10,,60,12,44,23,10,4,,17,28,18,10,,1,,0,,,"0,09",10
File,"OssConfig.java",4,0,4,0,1,"0,00","0,00",0,0,,,,,1,0,0,1,,1,1,3,1,,0,0,0,1,,24,2,18,15,1,4,,9,11,10,1,,1,,0,,,"0,22",1
File,"OssController.java",7,0,7,0,1,"0,00","0,00",0,0,,,,,1,0,0,2,,2,2,1,2,,0,0,0,2,,45,7,34,29,4,4,,18,21,19,4,,1,,0,,,"0,12",2
File,"OssPolicyResult.java",3,0,3,0,1,"0,00","0,00",0,0,,,,,1,0,0,12,,12,12,6,12,,0,0,0,12,,70,14,52,27,12,4,,20,33,21,12,,1,,0,,,"0,08",12
File,"OssService.java",0,0,0,0,0,"0,00","0,00",0,0,,,,,1,0,0,0,,2,2,0,2,,2,0,0,0,,21,3,8,7,0,10,,6,7,7,0,,0,,0,,,"1,25",0
File,"OssServiceImpl.java",27,0,23,6,2,"0,00","0,00",0,0,,,,,1,0,1,2,,2,2,7,2,,0,0,0,2,,102,8,81,55,39,15,,62,66,45,36,,2,,1,,,"0,19",3
Unknown Annotation,"PathVariable",,,,,,,,,,,,,,,,,,,,,,,,,,,,,,,,,,,,,,,,,,,,,,"0,00",
File,"PmsAdminApplication.java",3,0,3,0,1,"0,00","0,00",0,0,,,,,1,1,0,1,,1,0,0,1,,0,0,0,1,,18,2,11,8,1,5,,5,7,6,1,,1,,0,,,"0,45",1
File,"PmsAlbum.java",4,0,4,0,1,"0,00","0,00",0,0,,,,,1,0,1,13,,13,13,6,13,,0,0,0,13,,78,15,63,25,26,0,,34,48,24,25,,1,,0,,,"0,00",13
File,"PmsAlbum.java",4,0,4,0,1,"0,00","0,00",0,0,,,,,1,0,1,13,,13,13,6,13,,0,0,0,13,,85,21,64,26,26,0,,35,49,25,25,,1,,0,,,"0,00",13
File,"PmsAlbumExample.java",4,0,4,0,1,"0,00","0,00",0,0,,,,,4,0,0,110,,110,110,12,110,,0,0,11,99,,590,124,466,132,218,0,,227,346,132,217,,2,,1,,,"0,00",115
File,"PmsAlbumExample.java",4,0,4,0,1,"0,00","0,00",0,0,,,,,4,0,0,110,,110,110,12,110,,0,0,11,99,,590,124,466,132,218,0,,227,346,132,217,,2,,1,,,"0,00",115
File,"PmsAlbumMapper.java",0,0,0,0,0,"0,00","0,00",0,0,,,,,1,0,0,0,,11,11,0,11,,11,0,0,0,,30,12,18,17,0,0,,16,17,17,0,,0,,0,,,"0,00",0
File,"PmsAlbumMapper.java",0,0,0,0,0,"0,00","0,00",0,0,,,,,1,0,0,0,,11,11,0,11,,11,0,0,0,,30,12,18,17,0,0,,16,17,17,0,,0,,0,,,"0,00",0
File,"PmsAlbumPic.java",4,0,4,0,1,"0,00","0,00",0,0,,,,,1,0,1,7,,7,7,3,7,,0,0,0,7,,48,9,39,16,17,0,,22,30,15,16,,1,,0,,,"0,00",7
File,"PmsAlbumPic.java",4,0,4,0,1,"0,00","0,00",0,0,,,,,1,0,1,7,,7,7,3,7,,0,0,0,7,,52,12,40,17,17,0,,23,31,16,16,,1,,0,,,"0,00",7
File,"PmsAlbumPicExample.java",4,0,4,0,1,"0,00","0,00",0,0,,,,,4,0,0,70,,70,70,12,70,,0,0,11,59,,390,84,306,92,138,0,,147,226,92,137,,2,,1,,,"0,00",75
File,"PmsAlbumPicExample.java",4,0,4,0,1,"0,00","0,00",0,0,,,,,4,0,0,70,,70,70,12,70,,0,0,11,59,,390,84,306,92,138,0,,147,226,92,137,,2,,1,,,"0,00",75
File,"PmsAlbumPicMapper.java",0,0,0,0,0,"0,00","0,00",0,0,,,,,1,0,0,0,,11,11,0,11,,11,0,0,0,,30,12,18,17,0,0,,16,17,17,0,,0,,0,,,"0,00",0
File,"PmsAlbumPicMapper.java",0,0,0,0,0,"0,00","0,00",0,0,,,,,1,0,0,0,,11,11,0,11,,11,0,0,0,,30,12,18,17,0,0,,16,17,17,0,,0,,0,,,"0,00",0
File,"PmsBrand.java",4,0,4,0,1,"0,00","0,00",0,0,,,,,1,0,1,23,,23,23,11,23,,0,0,0,23,,137,26,111,48,41,0,,55,79,40,40,,1,,0,,,"0,00",23
File,"PmsBrand.java",4,0,4,0,1,"0,00","0,00",0,0,,,,,1,0,1,23,,23,23,11,23,,0,0,0,23,,147,36,111,48,41,0,,55,79,40,40,,1,,0,,,"0,00",23
File,"PmsBrandController.java",11,0,11,0,2,"0,00","0,00",0,0,,,,,1,0,0,9,,9,9,1,9,,0,0,0,9,,132,12,116,71,36,4,,41,57,34,30,,2,,1,,,"0,03",15
File,"PmsBrandExample.java",4,0,4,0,1,"0,00","0,00",0,0,,,,,4,0,0,160,,160,160,12,160,,0,0,11,149,,840,174,666,182,318,0,,327,496,182,317,,2,,1,,,"0,00",165
File,"PmsBrandExample.java",4,0,4,0,1,"0,00","0,00",0,0,,,,,4,0,0,160,,160,160,12,160,,0,0,11,149,,840,174,666,182,318,0,,327,496,182,317,,2,,1,,,"0,00",165
File,"PmsBrandMapper.java",0,0,0,0,0,"0,00","0,00",0,0,,,,,1,0,0,0,,14,14,0,14,,14,0,0,0,,36,15,21,20,0,0,,19,20,20,0,,0,,0,,,"0,00",0
File,"PmsBrandMapper.java",0,0,0,0,0,"0,00","0,00",0,0,,,,,1,0,0,0,,14,14,0,14,,14,0,0,0,,36,15,21,20,0,0,,19,20,20,0,,0,,0,,,"0,00",0
File,"PmsBrandParam.java",3,0,3,0,1,"0,00","0,00",0,0,,,,,1,0,0,16,,16,16,8,16,,0,0,0,16,,99,19,76,43,16,4,,29,46,30,16,,1,,0,,,"0,05",16
File,"PmsBrandService.java",0,0,0,0,0,"0,00","0,00",0,0,,,,,1,0,0,0,,9,9,0,9,,9,0,0,0,,59,11,17,16,0,31,,14,15,15,0,,0,,0,,,"1,82",0
File,"PmsBrandServiceImpl.java",8,0,8,0,1,"0,00","0,00",0,0,,,,,1,0,0,9,,9,9,2,9,,0,0,0,9,,110,12,91,50,39,7,,53,66,38,39,,2,,1,,,"0,08",12
File,"PmsComment.java",4,0,4,0,1,"0,00","0,00",0,0,,,,,1,0,1,31,,31,31,15,31,,0,0,0,31,,176,34,142,59,53,0,,72,104,53,52,,1,,0,,,"0,00",31
File,"PmsComment.java",4,0,4,0,1,"0,00","0,00",0,0,,,,,1,0,1,31,,31,31,15,31,,0,0,0,31,,190,48,142,59,53,0,,72,104,53,52,,1,,0,,,"0,00",31
File,"PmsCommentExample.java",4,0,4,0,1,"0,00","0,00",0,0,,,,,4,0,0,212,,212,212,12,212,,0,0,11,201,,1101,226,875,235,422,0,,432,653,235,421,,2,,1,,,"0,00",217
File,"PmsCommentExample.java",4,0,4,0,1,"0,00","0,00",0,0,,,,,4,0,0,212,,212,212,12,212,,0,0,11,201,,1101,226,875,235,422,0,,432,653,235,421,,2,,1,,,"0,00",217
File,"PmsCommentMapper.java",0,0,0,0,0,"0,00","0,00",0,0,,,,,1,0,0,0,,14,14,0,14,,14,0,0,0,,36,15,21,20,0,0,,19,20,20,0,,0,,0,,,"0,00",0
File,"PmsCommentMapper.java",0,0,0,0,0,"0,00","0,00",0,0,,,,,1,0,0,0,,14,14,0,14,,14,0,0,0,,36,15,21,20,0,0,,19,20,20,0,,0,,0,,,"0,00",0
File,"PmsCommentReplay.java",4,0,4,0,1,"0,00","0,00",0,0,,,,,1,0,1,15,,15,15,7,15,,0,0,0,15,,92,18,74,31,29,0,,40,56,29,28,,1,,0,,,"0,00",15
File,"PmsCommentReplay.java",4,0,4,0,1,"0,00","0,00",0,0,,,,,1,0,1,15,,15,15,7,15,,0,0,0,15,,98,24,74,31,29,0,,40,56,29,28,,1,,0,,,"0,00",15
File,"PmsCommentReplayExample.java",4,0,4,0,1,"0,00","0,00",0,0,,,,,4,0,0,122,,122,122,12,122,,0,0,11,111,,651,136,515,145,242,0,,252,383,145,241,,2,,1,,,"0,00",127
File,"PmsCommentReplayExample.java",4,0,4,0,1,"0,00","0,00",0,0,,,,,4,0,0,122,,122,122,12,122,,0,0,11,111,,651,136,515,145,242,0,,252,383,145,241,,2,,1,,,"0,00",127
